Organism,Genome_Len
OGOZ01000357,10028
OGPA01000136,38276
OGPA01000284,17779
OGPA01006376,1638
OGPB01000070,19610
OGPB01000093,17442
OGPB01000326,9968
OGPC01000409,12667
OGPC01000882,5164
OGPC01002241,2646
OGPD01000624,11663
OGPE01000028,32861
OGPE01000056,26965
OGPE01000196,14386
OGPE01000310,11173
OGPF01000217,11616
OGPG01000068,27017
OGPG01004844,1624
OGPH01000069,36301
OGPH01000157,24331
OGPH01000409,14678
OGPH01000447,13570
OGPH01000700,9866
OGPJ01000477,9852
OGPJ01006348,1735
OGPK01000285,17002
OGPK01000415,14788
OGPL01000016,47174
OGPL01006045,1852
OGPM01000076,28578
OGPM01000085,26686
OGPN01000023,30858
OGPN01000025,30528
OGPO01000092,23808
OGPQ01000282,14327
OGPR01000065,40309
OGPR01000167,24198
OGPS01000288,15245
OGPS01000652,9987
OGPS01005910,1759
OGPT01000249,17739
OGPU01000558,12924
OGPV01000062,23963
OGPV01000139,17696
OGPX01000023,29411
OGPX01000026,29873
OGPX01000164,16127
OGPZ01000054,30777
OGPZ01000072,28136
OGPZ01005174,1852
OGQA01000104,15141
OGQC01000016,26435
OGQC01000021,24030
OGQC01000025,23559
OGQC01000253,10118
OGQD01000134,17386
OGQD01004591,1882
OGQG01000082,28453
OGQG01000319,14478
OGQH01000028,60174
OGQI01000045,28612
OGQI01000058,26256
OGQI01000341,11782
OGQJ01000231,17752
OGQJ01000308,16194
OGQJ01000456,13479
OGQJ01000788,9456
OGQJ01003857,2601
OGQK01000164,13837
OGQL01000011,49051
OGQL01000324,12566
OGQL01006604,1508
OGQM01000063,34684
OGQM01000202,19580
OGQM01000389,12359
OGQN01000404,11699
OGQO01000162,19639
OGQO01000276,16372
OGQO01000480,12994
OGQO01008382,1570
OGQQ01000082,30722
OGQR01000270,15158
OGQR01005642,1836
OGQT01000091,26140
OGQT01000219,17062
OGQU01000330,18381
OGQU01006553,1456
OGQX01000099,29157
OGQX01000139,26078
OGQX01007759,1515
OGQY01000164,18106
OGQZ01000073,21152
OGQZ01000292,13151
OGQZ01000310,13051
OGQZ01000475,10660
OGRA01000354,15236
OGRA01006947,2060
OGRA01007783,1769
OGRA01008197,1609
OGRA01008708,1435
OGRA01009040,1582
OGRB01000169,22036
OGRC01000760,7910
OGRD01000043,30646
OGRD01000258,9798
OGRF01000196,17355
OGRG01000096,30958
OGRG01000107,28902
OGRG01000234,16714
OGRH01000172,17133
OGRI01000455,13359
OGRK01000080,33353
OGRK01000094,30815
OGRK01000358,14011
OGRL01000078,28188
OGRL01000289,14180
OGRM01000071,27183
OGRO01000082,30870
OGRO01000090,28811
OGRQ01000324,18490
OGRT01000142,26764
OGRT01003996,1783
OGRU01000494,11789
OGRU01002163,4138
OGSD01000024,37013
OGSD01000395,13905
OGSH01000981,1528
OGSJ01001433,1527
OGSM01000036,31962
OGSO01000313,1481
OGSQ01000186,11340
OGSS01000127,30768
OGSS01000285,19342
OGSS01000409,14489
OGTB01000008,57564
OGTB01000054,29668
OGTB01000055,30211
OGTB01000094,22980
OGTB01000155,17935
OGTB01000267,13160
OGTG01000186,8839
OGTH01000644,1510
OGTI01000033,32448
OGTI01000076,16612
OGTL01000046,33817
OGTL01000065,30824
OGTL01000073,28265
OGTL01000081,26578
OGTL01001335,6819
OGTN01000172,11362
OGTO01000018,32447
OGTO01000036,16612
OGTU01000097,11362
OGUL01000290,19884
OGUL01000327,18233
OGUL01000336,17001
OGUM01000061,27334
OGUN01000050,30450
OGUN01000078,26885
OGUO01000173,14827
OGUO01001785,4346
OGWQ01000048,27141
OGWQ01000227,13907
OGWR01000031,31474
OGWR01000033,29530
OGWR01000129,18693
OGWR01001812,5305
OGWR01005333,2110
OGWR01006086,1857
OGWS01000068,30753
OGWT01000016,31846
OGWT01001635,5158
OGWT01006681,1760
OGWT01007322,1664
OGWU01000986,5184
OGWU01001573,3769
OGWV01000112,12661
OGWW01004302,1508
OGWY01000047,24040
OGWY01000295,12709
OGWZ01000097,30884
OGWZ01000827,9910
OGXA01000147,18177
OGXB01002553,2080
OGXB01002894,1894
OGXC01004920,1975
OGXC01004998,1954
OGXC01006339,1469
OGXD01000306,13368
OGXE01000247,14127
OGXE01000736,8946
OGXF01000053,29716
OGXF01000342,13690
OGXG01000106,14286
OGXG01004035,1713
OGXH01000091,13782
OGXH01004366,2533
OGXI01000029,30077
OGXI01000144,17127
OGXI01000568,9885
OGXI01007892,1474
OGXJ01000212,13875
OGXK01005203,1551
OGXK01006098,1639
OGXN01004951,1872
OGXP01004207,1980
OGXQ01000147,16871
OGXR01000052,22707
OGXR01000217,13488
OGXR01006103,1634
OGXS01000381,12904
OGXS01001325,4981
OGXT01000133,29596
OGXT01000261,20781
OGXT01000369,16981
OGXT01000380,16818
OGXT01000382,17002
OGXT01006824,1646
OGXT01008457,1427
OGXU01003504,1817
OGXU01003764,1774
OGXU01004194,1570
OGXW01007646,1781
OGXW01008894,1404
OGXX01000055,30292
OGXX01000119,23668
OGXX01000211,18920
OGXX01000467,14371
OGXX01000519,13102
OGXX01008226,2028
OGXZ01001295,4050
OGXZ01003819,2074
OGYA01003824,1953
OGYA01004315,1893
OGYB01003419,1535
OGYC01000074,29973
OGYD01000027,32111
OGYD01000028,31183
OGYD01000498,10518
OGYF01000089,30705
OGYG01000098,30304
OGYG01000253,17583
OGYG01003325,1959
OGYG01003332,1987
OGYH01000256,15848
OGYH01000404,14449
OGYH01000455,13449
OGYH01005632,1919
OGYI01000326,19038
OGYI01000568,14077
OGYK01006258,1572
OGYL01000096,16194
OGYL01005951,2017
OGYL01006862,1761
OGYM01000002,48450
OGYM01006737,1640
OGYN01000044,31254
OGYN01000411,12126
OGYO01005603,1764
OGYO01007477,1533
OGYQ01003376,1542
OGYS01003712,1881
OGYS01003820,1874
OGYT01004447,1818
OGYU01000245,13827
OGYX01005257,1992
OGYY01000339,14117
OGYY01000477,12581
OGYY01005403,1874
OGYZ01000077,23550
OGZA01000030,30517
OGZA01000036,30931
OGZA01000104,19637
OGZB01000001,48445
OGZC01000057,16482
OGZC01003850,1915
OGZD01000102,30593
OGZD01000349,16265
OGZD01000357,15743
OGZD01000388,15582
OGZD01000597,11479
OGZD01005376,1603
OGZE01000274,12170
OGZF01000022,49458
OGZF01000025,46284
OGZF01000593,9454
OGZG01006326,1757
OGZH01004617,1880
OGZI01000212,26448
OGZI01000364,18293
OGZI01000412,16227
OGZI01006041,1960
OGZI01006501,1805
OGZI01006561,1833
OGZK01000052,26877
OGZK01000066,26790
OGZK01000124,21923
OGZK01000707,9948
OGZM01000312,20273
OGZN01000022,14612
OGZN01000030,13068
OGZO01000002,31623
OGZO01000058,16551
OGZO01000184,13131
OGZQ01000239,13975
OGZR01000164,12836
OGZR01000167,13562
OGZR01001818,1868
OGZS01000006,73729
OGZT01000155,17109
OGZV01000405,14491
OGZW01009331,1725
OGZX01000086,29942
OHAA01000080,13073
OHAB01000087,30285
OHAB01000208,18852
OHAB01003145,1919
OHAC01000462,13101
OHAD01000101,30975
OHAD01005715,1846
OHAD01005716,1843
OHAE01000029,32989
OHAF01000067,30929
OHAF01000093,26749
OHAF01000127,21731
OHAF01000330,16077
OHAF01000362,14978
OHAF01000461,13879
OHAF01000663,11110
OHAF01000918,8998
OHAG01000253,14646
OHAH01000213,14255
OHAJ01000290,11331
OHAM01004537,1893
OHAN01000232,16833
OHAN01000399,14091
OHAN01000456,12952
OHAN01000487,12797
OHAN01000788,9261
OHAN01004971,1884
OHAN01005183,1725
OHAO01005800,1724
OHAP01004287,1880
OHAQ01000018,26699
OHAQ01000192,13980
OHAQ01007306,1722
OHAR01000002,27308
OHAR01000003,26454
OHAS01000014,29941
OHAT01000070,31159
OHAT01000525,12002
OHAU01000124,33120
OHAU01000141,30573
OHAU01000179,28423
OHAU01000624,14770
OHAW01000089,18338
OHAX01002933,1572
OHAY01000006,51834
OHAY01000018,38653
OHAY01000065,30903
OHAY01000324,15029
OHAY01000477,12283
OHAY01000753,10280
OHAY01000948,8776
OHBA01002474,1727
OHBD01001220,3373
OHBE01000017,46802
OHBE01000071,32440
OHBE01000089,29845
OHBE01000124,26920
OHBE01000309,17236
OHBE01006495,1744
OHBG01000108,14775
OHBI01000037,26812
OHBJ01008694,1726
OHBJ01008884,1668
OHBK01001507,1545
OHBM01000040,29300
OHBN01000074,14946
OHBO01000172,11324
OHBP01000100,19003
OHBP01000143,14032
OHBQ01001837,1792
OHBR01000043,26812
OHBT01000001,12407
OHBV01002290,1814
OHBW01000046,15357
OHBW01000159,9731
OHBY01000081,19812
OHCB01000034,15264
OHCB01000058,13497
OHCB01000061,13256
OHCB01000087,11388
OHCC01000110,23886
OHCD01000152,14336
OHCE01000118,17974
OHCE01000249,10237
OHCE01000262,10083
OHCF01000051,28975
OHCF01000196,14078
OHCI01000125,15780
OHCI01000163,13949
OHCI01000196,11530
OHCM01000003,22842
OHCN01000055,28980
OHCP01000138,11777
OHCQ01000155,9807
OHCR01000094,17206
OHCR01000227,11211
OHCR01000291,9944
OHCS01000044,23471
OHCS01000145,14422
OHCS01000175,12884
OHCS01000230,10695
OHCT01001158,1720
OHCU01000151,14229
OHCW01002188,1661
OHCX01000062,16977
OHCX01000347,6032
OHCY01000035,36476
OHCY01001144,1719
OHCZ01000150,14336
OHDA01000114,17794
OHDA01002636,1814
OHDC01002126,1661
OHDD01000030,26572
OHDD01000128,14154
OHDF01002402,1807
OHDG01000068,26476
OHDH01002649,1814
OHDP01000044,26533
OHDQ01000033,28632
OHDQ01000183,10030
OHDW01000001,19097
OHDW01000006,14159
OHDW01000031,8659
OHDZ01000027,29095
OHEB01000041,26798
OHEB01000123,12650
OHEB01000137,12384
OHEB01000141,11896
OHEC01000055,26778
OHEE01000053,33556
OHEE01000078,26315
OHEF01000085,26238
OHEF01000559,4167
OHEG01000046,15327
OHEG01000154,9929
OHEG01002737,1723
OHEI01000077,12981
OHEK01001519,1774
OHEL01000262,11542
OHEN01000023,47068
OHEO01001992,1701
OHEP01000046,26721
OHEP01004856,1360
OHEU01000117,15438
OHEV01000503,7001
OHEX01002565,1814
OHFA01000130,15593
OHFB01000081,14577
OHFD01000051,12578
OHFG01000351,12158
OHFH01000089,12673
OHFH01000359,5043
OHFI01000109,12649
OHFI01000129,12384
OHFL01000062,26696
OHFL01000191,15264
OHFM01000019,30621
OHFM01000110,13565
OHFM01000127,12159
OHFN01000142,18860
OHFQ01000185,11160
OHFV01000001,47232
OHFX01000006,57782
OHFX01000043,25726
OHFX01000220,9924
OHFY01000055,27411
OHFY01000064,26676
OHFY01000167,14208
OHGG01000076,20735
OHGG01000491,7001
OHGH01000138,14673
OHGH01000161,14271
OHGH01002414,1604
OHGI01000197,11076
OHGJ01000200,11076
OHGK01000149,16220
OHGL01000049,29059
OHGL01000062,26250
OHGN01000005,27290
OHGO01000186,11076
OHGQ01000076,26255
OHGQ01000143,17900
OHGQ01000545,4167
OHGS01000100,15159
OHGS01000110,14775
OHGS01000119,14502
OHGT01000106,23743
OHGW01000985,3373
OHHC01001828,1793
OHHE01000002,19165
OHHE01000021,10335
OHHE01000031,8659
OHHK01000053,33556
OHHK01000087,26315
OHHO01001949,1873
OHHQ01000050,26717
OHHR01000135,16227
OHHR01000136,17014
OHHR01000330,10448
OHHS01000162,14335
OHHU01000144,14948
OHHV01000035,28633
OHHV01000173,9947
OHHY01002262,1814
OHII01001149,1720
OHIK01000092,20169
OHIK01000234,11818
OHIL01000095,12952
OHIM01000144,14154
OHIN01000009,57811
OHIN01002936,1828
OHIX01000028,28223
OHIX01000164,9792
OHJA01000357,9851
OHJC01000119,15159
OHJE01000148,15791
OHJE01000214,11525
OHJG01000113,17974
OHJG01001947,1617
OHJI01000079,18338
OHJJ01000119,18005
OHJJ01000239,10441
OHJN01001272,2685
OHJO01000148,14871
OHJO01000232,11557
OHJO01000268,10732
OHJO01000290,9909
OHJO01002664,1543
OHJQ01000216,15172
OHJS01003197,1642
OHJT01000275,13946
OHJU01000015,29753
OHJU01000019,28140
OHJU01000254,9634
OHJU01001074,4080
OHJX01000032,28622
OHJX01000034,28691
OHJX01000166,10030
OHJY01000637,4077
OHJY01002921,1545
OHJZ01000139,15593
OHKC01000008,27307
OHKD01000031,29080
OHKF01000121,14154
OHKH01001854,1765
OHKJ01000100,21328
OHKJ01000251,11074
OHKJ01002681,1592
OHKK01000055,28918
OHKK01000062,28199
OHKK01000174,14137
OHKL01000154,17232
OHKL01000239,13953
OHKP01000317,9354
OHKQ01000093,15159
OHKQ01000099,14775
OHKQ01000108,14522
OHKS01000125,12372
OHKS01000128,11889
OHKT01000036,31017
OHKU01000021,28140
OHKU01000258,9634
OHKU01003195,1724
OHKV01000027,46804
OHKV01000274,13675
OHKV01000518,6852
OHKX01000097,19812
OHKY01000148,14211
OHLB01000073,26945
OHLE01000272,10628
OHLE01002657,1574
OHLF01000025,31693
OHLF01000031,28197
OHLF01000156,9808
OHLI01000515,7001
OHLL01000049,29034
OHLL01000177,12727
OHLM01000037,31016
OHLP01002511,1807
OHLQ01000142,13548
OHLQ01002508,1814
OHLV01000137,14229
OHLV01000408,5225
OHLW01000133,11324
OHLX01000138,14229
OHLY01000036,26533
OHLZ01000166,12745
OHMA01000001,60118
OHMG01001858,1792
OHMH01000148,13881
OHMN01000259,16326
OHMN01004088,1545
OHMO01002444,1806
OHMP01000091,21281
OHMP01000244,11110
OHMP01002644,1564
OHMS01000146,12159
OHMU01000249,10762
OHMU01000751,3572
OHMY01000035,46847
OHMY01000270,13688
OHMY01000540,6852
OHNA01000358,5042
OHNC01000001,12407
OHNF01000232,12160
OHNG01002186,1776
OHNI01000091,12673
OHNI01000340,5043
OHNK01000154,16748
OHNK01000727,5060
OHNL01000041,26152
OHNL01000122,11831
OHNL01001421,1525
OHNM01000025,10335
OHNM01000034,8660
OHNN01000349,12141
OHNO01000022,30303
OHNO01000140,14440
OHNO01000179,12885
OHNQ01000097,17206
OHNQ01000231,11211
OHNQ01000298,9622
OHNX01000523,5087
OHNZ01000080,26315
OHOA01000204,11526
OHOA01001445,1793
OHOJ01000069,14708
OHOJ01000367,5043
OHOM01000203,11189
OHON01000062,26617
OHOP01000105,20048
OHOP01000180,13475
OHOP01000201,12385
OHOP01000247,10762
OHOP01000746,3603
OHOZ01001261,3373
OHPB01000052,26723
OHPB01000098,20155
OHPB01004829,1359
OHPC01000123,16227
OHPC01000124,16996
OHPC01000175,15447
OHPD01000037,26680
OHPG01000032,36419
OHPG01001115,1702
OHPI01000007,57648
OHPI01002947,1818
OHPK01000203,11469
OHPK01002863,1574
OHPM01000044,31003
OHPM01000110,12860
OHPO01000015,29753
OHPO01000018,28141
OHPO01000232,9605
OHPO01001072,4080
OHPT01000015,26717
OHPT01001884,1776
OHPW01000231,13972
OHPX01000257,10528
OHPX01002700,1576
OHPZ01000536,5085
OHQE01000046,25805
OHQG01000049,23427
OHQG01000174,12884
OHQH01000249,11484
OHQI01000011,10183
OHQL01002350,1621
OHQM01000028,30249
OHQM01000172,12885
OHQM01000209,10733
OHQO01000073,26955
OHQO01000074,27231
OHQO01000183,15860
OHQO01000228,12244
OHQP01000031,26862
OHQP01000134,12046
OHQP01000139,12385
OHQR01004881,1360
OHQS01000030,46641
OHQS01000375,9880
OHQS01000519,6852
OHQX01000545,5067
OHQZ01000029,28612
OHQZ01000169,9981
OHRA01000044,19585
OHRC01000049,14964
OHRD01000114,17974
OHRD01000230,10219
OHRE01000094,14807
OHRF01000070,26255
OHRF01000569,4150
OHRG01002536,1941
OHRH01002514,1941
OHRJ01000054,14964
OHRL01000252,13972
OHRM01000198,15923
OHRM01002111,1689
OHRM01002323,1742
OHRN01000540,5087
OHRS01000070,26971
OHRS01000162,15860
OHRS01000215,12315
OHRS01000586,5851
OHSB01000008,14159
OHSB01000009,14528
OHSB01000023,10335
OHSB01000034,8659
OHSC01000001,14716
OHSE01000026,27626
OHSE01001692,1740
OHSG01000040,15358
OHSG01002759,1724
OHSH01000076,26255
OHSH01000570,4150
OHSJ01000095,12838
OHSJ01000114,12145
OHSK01000158,14020
OHSL01000056,27393
OHSL01000061,26676
OHSL01000172,14208
OHSO01000115,15408
OHSP01000092,21325
OHSP01000122,17804
OHSP01000242,11110
OHSP01002665,1559
OHSQ01000032,15394
OHSQ01000149,9989
OHSQ01002847,1724
OHSU01000001,14741
OHSW01000033,25845
OHSW01000105,11831
OHSW01001308,1545
OHSX01002104,1772
OHTA01000010,57637
OHTA01002969,1769
OHTB01000092,17206
OHTC01000200,11561
OHTC01002788,1575
OHTD01000013,28206
OHTD01000169,11322
OHTD01003262,1724
OHTE01000049,14742
OHTF01000018,30622
OHTF01000111,12160
OHTH01000203,15923
OHTH01002294,1742
OHTI01000218,11505
OHTI01000266,9507
OHTI01001409,1810
OHTJ01000045,15264
OHTJ01000065,13255
OHTJ01000093,11388
OHTJ01001964,1867
OHTK01000604,4716
OHTM01002225,1814
OHTT01000047,29076
OHTT01000184,12745
OHTU01000082,11391
OHTU01001937,1890
OHTV01000099,18338
OHTY01000067,14964
OHTZ01000313,10350
OHTZ01003126,1624
OHUB01000097,14807
OHUB01000107,14209
OHUC01000095,11832
OHUC01001104,1545
OHUE01000112,15449
OHUI01000170,14638
OHUI01000463,6988
OHUJ01000028,26829
OHUK01000265,13693
OHUK01000526,6835
OHUN01000144,16202
OHUN01000145,17039
OHUP01000107,13917
OHUR01000026,30271
OHUR01000100,15134
OHUR01000127,13503
OHUS01000015,30998
OHUS01000020,26576
OHUS01000127,9809
OHUS01000947,1719
OHUU01000016,27725
OHUY01000039,17712
OHUY01000096,11983
OHUY01000101,11863
OHVB01000032,18971
OHVB01000094,11315
OHVG01000001,26667
OHVK01000030,28668
OHVK01000045,23213
OHVL01000014,26846
OHVM01000061,18675
OHVT01000124,14838
OHVT01000237,9783
OHVT01003015,1312
OHVU01000031,17638
OHVU01000074,11845
OHVW01000130,11965
OHVW01000170,10074
OHVX01000024,25193
OHVZ01000021,26848
OHWA01000107,9333
OHWB01000075,11347
OHWC01000128,13912
OHWD01000018,17945
OHWE01000098,16973
OHWF01001127,2296
OHWG01000043,23862
OHWI01000045,27943
OHWM01000071,17541
OHWM01000092,14555
OHWM01000142,12397
OHWM01000432,6988
OHWR01000158,13339
OHWR01000242,9783
OHWR01003232,1346
OHWU01000170,11936
OHWZ01000021,26847
OHXA01000011,30998
OHXA01000115,10053
OHXA01001033,1719
OHXB01000017,17944
OHXD01000124,9351
OHXE01000022,17546
OHXI01000112,14399
OHXK01000005,45939
OHXK01000090,13894
OHXM01000017,30271
OHXM01000100,15135
OHXM01000116,13808
OHXM01000122,13504
OHXQ01000012,19874
OHXS01000035,13167
OHXU01000048,27943
OHXX01000028,23220
OHXX01000059,14374
OHXZ01000041,17712
OHXZ01000086,13473
OHXZ01000107,11983
OHYA01000050,26871
OHYA01001247,2296
OHYB01000032,26783
OHYB01000095,14572
OHYB01000421,6988
OHYC01000048,17291
OHYD01000038,26798
OHYD01000086,17575
OHYD01000494,7006
OHYE01000011,48664
OHYE01000095,20947
OHYE01000165,15135
OHYF01000052,26853
OHYF01000074,21273
OHYF01000081,20946
OHYF01000135,15117
OHYG01000105,14593
OHYH01000026,30271
OHYH01000098,15135
OHYH01000108,13808
OHYH01000113,13503
OHYL01000172,11936
OHYP01000146,14573
OHYP01000467,6935
OHYQ01000025,23311
OHYQ01000060,14375
OHYR01000019,17945
OHYS01000046,26853
OHZB01000021,14614
OHZC01000055,18326
OHZD01000060,17541
OHZD01000100,14555
OHZD01000385,6988
OHZE01000056,17436
OHZF01000019,27707
OHZK01000084,20946
OHZK01000135,15134
OHZK01000138,14371
OHZL01000173,9219
OHZL01000400,5007
OHZQ01000052,17436
OHZS01000096,11315
OHZY01000026,22265
OHZZ01000018,30998
OHZZ01000025,26575
OHZZ01000187,9984
OHZZ01000768,1719
OIAA01000022,27725
OIAB01000072,12858
OIAE01000030,23217
OIAE01000060,14375
OIAG01000032,24423
OIAG01000095,13902
OIAH01000021,27725
OIAK01000129,14593
OIAL01000090,20947
OIAL01000147,15135
OIAL01000153,14412
OIAM01000024,30980
OIAM01000033,26576
OIAM01000153,9905
OIAM01000923,1718
OIAO01000001,26685
OIAS01000145,9389
OIAT01000008,46438
OIAW01000004,26841
OIAX01000031,23312
OIAY01000156,8951
OIAY01000331,5006
OIBG01000017,17944
OIBK01001974,1843
OIBL01000021,26785
OIBQ01001152,1646
OIBR01000362,5007
OIBS01001266,1645
OIBT01000128,11965
OIBY01000074,12830
OICB01000025,30562
OICB01000038,26836
OICD01000034,26847
OICD01000121,16061
OICE01000018,23893
OICF01000045,15360
OICF01000057,13167
OICG01000006,47634
OICG01000040,15355
OICG01000055,13167
OICH01000018,26847
OICI01000049,13453
OICI01000065,12001
OICI01000071,11845
OICJ01000073,12830
OICK01000023,28089
OICL01000137,14855
OICL01000170,13346
OICL01000262,9822
OICL01003961,1327
OICR01000007,45602
OICR01000026,28024
OICT01000024,30457
OICT01000033,26845
OICU01000018,26846
OICU01000028,23883
OICV01000095,13892
OICZ01000158,11947
OIDC01000172,12450
OIDC01000204,11863
OIDD01000026,30457
OIDD01000033,26848
OIDI01000002,26847
OIDK01000137,9249
OIDK01000336,5006
OIDM01000022,26685
OIDM01000128,11965
OIDP01000095,16936
OIDQ01000080,17290
OIDS01000155,14458
OIDT01000415,10121
OIDU01002397,1566
OIDX01000011,22255
OIDX01000044,13167
OIEA01000063,17291
OIEB01000023,26685
OIEB01000061,16925
OIEB01000140,11965
OIEC01000013,31076
OIEE01000027,26572
OIEE01000100,11010
OIEE01001859,1778
OIEG01000005,30647
OIEL01000302,9903
OIEL01006267,1175
OIEM01005011,1258
OIEO01000065,11919
OIEP01000111,12024
OIET01000351,14834
OIET01000963,5180
OIET01001019,4873
OIET01002435,1866
OIEV01000293,14851
OIEW01000005,42566
OIFE01000101,30794
OIFE01000318,13994
OIFG01000167,10721
OIFJ01000177,13817
OIFK01000160,14268
OIFK01000200,12077
OIFK01000211,11583
OIFK01000232,10812
OIFN01000171,11194
OIFN01000181,10511
OIFO01000134,4716
OIFP01000127,10616
OIFQ01000101,10191
OIFS01000119,10077
OIFW01000086,12854
OIFY01000007,31924
OIFY01000025,13449
OIFZ01000786,1895
OIGA01000791,1878
OIGB01000840,1895
OIGC01000928,1878
OIGD01000128,30939
OIGD01000336,17631
OIGD01000447,15056
OIGD01000543,14124
OIGD01000728,11396
OIGE01000810,1942
OIGH01000901,1896
OIGI01000802,1895
OIGK01000766,1896
OIGL01000791,1895
OIGM01000892,1895
OIGN01000784,1895
OIGO01000914,1896
OIGP01000026,17555
OIGP01000346,1688
OIGT01000457,1668
OIGU01000154,12066
OIGZ01000001,5653
OIHG01000025,17316
OIHL01000432,1623
OIHU01000026,17586
OIHW01000011,29015
OIHZ01000069,13642
OIIB01000012,21300
OIID01000014,29015
OIIE01000658,1623
OIIF01000037,17351
OIII01000036,17317
OIIJ01000021,17732
OIIJ01000294,1688
OIIS01000010,29294
OIJB01000015,26516
OIJI01000001,50935
OIJJ01000006,29729
OIJL01000038,15982
OIJP01000041,16159
OIJW01000051,15996
OIJZ01000005,29295
OIKC01000003,29809
OIKE01000002,50935
OIKI01000050,16066
OIKN01000036,16090
OIKO01000045,16069
OIKP01000007,29294
OIKQ01000049,16061
OILA01000006,26515
OILF01000001,29303
OILN01000051,16161
OILS01000010,26515
OILW01000004,29162
OIMD01000006,29190
OIML01000001,51342
OIML01000006,29729
OIMM01000002,50918
OIMM01000004,29728
OIMP01000037,16072
OIMW01000001,29295
OIMZ01000031,12339
OIND01000046,16072
OINE01000036,16074
OINI01000001,50936
OINI01000005,29720
OINJ01000001,51370
OINS01000001,50926
OINS01000004,29823
OINY01000007,26515
OIOB01000003,29304
OIOD01000003,29304
OIOK01000005,29294
OIOP01000049,16059
OIOS01000838,1801
OIOT01000010,29303
OIOW01000003,29294
OIOX01000001,51370
OIOX01000005,29857
OIPA01000043,16159
OIPC01000005,29379
OIPL01000044,16157
OIPM01000006,26475
OIPU01000001,50918
OIQP01000011,29082
OIQS01000913,1943
OIQT01000303,1697
OIQV01000024,17554
OIQV01000317,1688
OIRC01000027,29913
OIRE01000011,29015
OIRJ01000014,29015
OIRM01000017,17719
OIRM01000256,1688
OIRN01000008,21156
OIRO01000170,12236
OIRQ01000015,17130
OISA01000011,21324
OISB01000019,17370
OISD01000036,17218
OISE01000013,29015
OISN01000001,5671
OISR01000001,5670
OISV01000495,1581
OITA01000012,17272
OITH01000159,12254
OITL01000475,1621
OITM01000011,21212
OITP01000018,17518
OITT01000013,29015
OITW01000523,1623
OITZ01000900,1943
OIUA01000017,26246
OIUE01000016,17555
OIUE01000284,1687
OIUO01000022,17272
OIUP01000001,5653
OIUV01000751,1621
OIUW01000902,1942
OIVC01000908,1920
OIVJ01000017,17720
OIVJ01000263,1688
OIVK01000024,17518
OIVK01000295,1688
OIVP01000013,21324
OIVQ01000032,17317
OIWF01000001,14837
OIWK01000854,9748
OIWK01003212,3218
OIWL01000154,30123
OIWL01000160,30706
OIWL01000204,26755
OIWL01000404,17998
OIWL01000427,18413
OIWL01000619,14141
OIWL01000702,13443
OIWL01000813,12129
OIWL01000893,11336
OIWM01000017,52868
OIWM01000114,29766
OIWM01000184,23206
OIWM01000629,13007
OIWM01000672,12429
OIWM01000893,10654
OIWN01000408,12207
OIWO01000067,36229
OIWO01000514,13537
OIWP01000140,31090
OIWP01000200,29155
OIWQ01000024,46537
OIWQ01000029,46686
OIWQ01000504,15672
OIWQ01000560,14741
OIWQ01000709,13064
OIWQ01001172,10258
OIWQ01001220,9848
OIWR01000002,14768
OIWS01000142,29618
OIWS01000145,29509
OIWS01000364,19483
OIWS01000434,16009
OIWS01000509,15017
OIWS01000653,13075
OIWS01000677,12269
OIWS01000971,9989
OIWT01000046,48989
OIWT01000076,38203
OIWT01000163,29145
OIWT01000366,19719
OIWT01000766,13327
OIWT01000820,12776
OIWT01000822,12521
OIWT01000924,11912
OIWT01001232,9603
OIWT01004010,3577
OIWT01008784,1656
OIWT01009042,1584
OIWU01000313,19798
OIWU01000620,12757
OIWU01000648,12964
OIWU01000759,11369
OIWU01009168,1634
OIWV01000054,30711
OIWV01000065,28038
OIWV01000203,17572
OIWV01002656,3759
OIXA01000019,50214
OIXA01000142,29673
OIXA01000670,14987
OIXA01000751,14006
OIXA01000769,13465
OIXA01000846,12970
OIXA01000871,12989
OIXA01000944,12092
OIXA01001144,10764
OIXA01010542,1775
OIXF01000011,14897
OIXG01000120,29857
OIXG01000510,14321
OIXG01000605,13307
OIXH01000029,51858
OIXH01000106,32291
OIXH01000107,31977
OIXH01000142,27870
OIXH01000555,14050
OIXH01000649,13457
OIXH01000686,12735
OIXH01001131,9811
OIXI01000001,18400
OIXJ01000001,30819
OIXK01000001,19708
OIXL01000105,15034
OIXL01002241,2083
OIXL01002506,1930
OIXL01002645,1927
OIXM01000001,19438
OIXM01000002,14767
OIXQ01000032,31707
OIXQ01000053,22789
OIXQ01000065,17618
OIXQ01000106,12895
OIXQ01000112,12270
OIXQ01000115,12437
OIXQ01000124,11922
OIXR01000085,28043
OIXR01004823,1618
OIXU01000053,10760
OIXV01000399,12991
OIXV01000405,13179
OIXV01007926,1771
OIYD01002082,2719
OIYF01000040,21367
OIYG01000020,51882
OIYG01000113,26586
OIYG01000224,18346
OIYG01000229,17872
OIYG01000242,17591
OIYG01000244,18309
OIYG01000256,17636
OIYG01000267,16597
OIYG01000284,16457
OIYG01000305,15871
OIYG01000353,14327
OIYG01000386,13468
OIYG01000418,13472
OIYG01000441,12626
OIYG01000504,11334
OIYG01000506,11682
OIYG01000540,11136
OIYG01001298,6014
OIYG01005942,1672
OIYO01000120,22704
OIYO01000190,19202
OIYO01000226,16853
OIYO01000337,13480
OIYO01000344,12753
OIYO01000348,13249
OIYO01000400,11748
OIYO01000442,10629
OIYO01000448,10752
OIYP01000121,16940
OIYP01000191,13231
OIYP01000250,11348
OIYQ01000192,7699
OIYR01000021,28801
OIYR01000029,25256
OIYR01000074,17590
OIYR01000081,17040
OIYR01000095,16124
OIYR01000124,12954
OIYR01000132,12633
OIYR01000232,9863
OIYR01000247,9894
OIYS01000052,21666
OIYS01000116,17573
OIYS01000125,17636
OIYS01000127,16037
OIYS01000131,15670
OIYS01000137,16959
OIYS01000160,15690
OIYS01000170,14767
OIYS01000188,13844
OIYS01000190,14134
OIYS01000201,13230
OIYS01000204,13042
OIYS01000206,13231
OIYS01000252,12512
OIYS01000257,11975
OIYT01000160,27298
OIYT01005062,1960
OIYV01000031,33356
OIYV01000099,17893
OIYV01000101,17752
OIYV01000139,14768
OIYV01000157,13480
OIYV01000174,12936
OIYV01000181,12809
OIYV01000187,12849
OIYV01000192,12478
OIYV01000219,11812
OIYV01000264,10537
OIYW01000279,15073
OIYW01000374,13654
OIYX01000068,10575
OIYX01000075,10085
OIYX01001993,1592
OIYY01000076,20430
OIYY01000116,17115
OIYY01000123,17048
OIYY01000158,16019
OIYY01000178,15349
OIYY01000181,14782
OIZA01000067,19994
OIZA01000142,12778
OIZA01000150,12669
OIZB01000074,29659
OIZB01000122,22668
OIZB01000305,13266
OIZE01000030,46875
OIZE01000106,27494
OIZE01000266,14714
OIZF01000060,21408
OIZF01000120,15292
OIZF01000123,15945
OIZF01000127,15495
OIZF01000178,14229
OIZF01000197,13184
OIZF01000374,9563
OIZG01004330,1590
OIZI01000044,20496
OIZI01000050,19531
OIZI01000073,14709
OIZI01000089,14364
OIZI01000096,13559
OIZK01000002,13472
OIZL01000122,21369
OIZL01000137,19819
OIZL01000155,18263
OIZL01000222,14768
OIZL01000262,13454
OIZL01000276,13045
OIZL01000278,12963
OIZL01000425,10370
OIZL01000502,7812
OIZO01000225,12564
OIZO01003587,1716
OIZP01000035,29530
OIZP01000151,14262
OIZQ01002849,1700
OIZR01000406,8946
OIZS01000015,38205
OIZS01000038,24580
OIZS01000087,15043
OIZS01000101,13838
OIZS01000162,10007
OIZT01000036,32812
OIZT01000111,18816
OIZT01000130,17394
OIZT01000174,13745
OIZT01000179,13923
OIZT01000182,13490
OIZT01000226,11919
OIZT01000349,9481
OIZV01000114,16628
OIZV01000122,15512
OIZV01000155,13496
OIZV01000204,11523
OIZX01000134,18308
OIZX01000223,13441
OIZX01000234,13166
OIZX01000274,12233
OJAG01000039,30629
OJAG01000054,27233
OJAG01000060,26426
OJAG01003690,1582
OJAM01000258,7758
OJAR01000002,47752
OJAR01000005,30712
OJAR01000031,15517
OJAR01001600,1618
OJAW01000043,30151
OJAW01000050,26859
OJAW01000061,25256
OJAW01000105,19877
OJAW01000136,17635
OJAW01000145,17084
OJAW01000152,17209
OJAW01000184,14554
OJAW01000209,13814
OJAW01000221,13884
OJAW01000234,13408
OJAW01000250,13119
OJAW01000293,12091
OJAW01000346,10941
OJAW01000360,10638
OJME01006204,1563
OJMG01000551,11495
OJMG01007737,1900
OJMH01000169,29552
OJMH01000252,24003
OJMH01000625,13745
OJMH01000626,13553
OJMH01000638,13227
OJMI01000112,33973
OJMI01000198,26839
OJMI01000211,25752
OJMI01000253,22920
OJMI01000438,17479
OJMI01000460,16157
OJMI01000536,15455
OJMJ01000098,12772
OJMK01000337,15650
OJMK01005875,1638
OJML01000021,30969
OJML01000036,24794
OJML01004144,1863
OJMM01003700,2083
OJMM01004950,1619
OJMN01004229,2012
OJMO01003943,2084
OJMP01000008,50466
OJMP01000058,31146
OJMP01000066,29377
OJMP01000070,30019
OJNH01000001,87433
OJNH01000048,31204
OJNH01000053,30198
OJNI01000020,33457
OJNI01000110,16212
OJNI01004041,2011
OJNJ01000010,26804
OJNJ01000031,19217
OJNJ01000043,15319
OJNK01003572,1623
OJNL01000044,28698
OJNL01000059,26804
OJNO01002345,1549
OJNP01000264,13018
OJNQ01000029,29960
OJNQ01000224,13429
OJNR01000301,11794
OJNS01000048,28589
OJNU01000294,13812
OJNU01003283,1725
OJNX01000030,26285
OJNZ01000055,30268
OJNZ01000151,17463
OJNZ01000175,16121
OJNZ01000692,6879
OJNZ01003463,1757
OJOA01000027,30132
OJOA01000179,14176
OJOA01000621,6879
OJOA01003183,1797
OJOE01000015,57126
OJOE01000160,15027
OJOF01000058,27250
OJOF01000491,10745
OJOH01000017,57262
OJOH01000141,18715
OJOH01000245,13980
OJOH01000316,10976
OJOH01000361,10272
OJOH01000368,9841
OJOK01000293,11418
OJOK01000308,10708
OJOL01000029,27251
OJOL01000128,15682
OJOM01000034,32283
OJOM01000134,14810
OJOM01000168,13459
OJOM01000199,11550
OJOM01000205,11757
OJON01000027,26315
OJON01000120,14380
OJON01000127,14569
OJON01000226,11170
OJON01002950,2023
OJOO01000057,15729
OJOO01002593,2040
OJOP01000144,15161
OJOP01000171,14143
OJOP01000214,12909
OJOQ01000002,34790
OJOT01000184,14138
OJOU01000011,47668
OJOV01000072,30404
OJOV01000080,29708
OJOV01000250,18397
OJOV01000337,16519
OJOV01000478,13067
OJOY01000069,26282
OJOY01000196,11788
OJOZ01000949,1899
OJPA01000036,30363
OJPA01000102,17686
OJPA01000123,14890
OJPA01000230,10126
OJPB01000023,33198
OJPB01000159,14841
OJPC01000037,28411
OJPD01000050,31790
OJPD01000185,16434
OJPD01000383,11227
OJPD01000437,10034
OJPE01000084,14591
OJPE01000135,11590
OJPE01001868,2052
OJPF01000053,24102
OJPF01000158,15134
OJPF01000177,14120
OJPF01000296,9578
OJPG01000010,48205
OJPG01002972,1942
OJPH01000236,14768
OJPI01000006,51480
OJPI01000122,19763
OJPI01000217,15285
OJPJ01000214,11962
OJPJ01002020,1804
OJPK01000091,26233
OJPL01000863,3174
OJPO01000121,18105
OJPO01000222,12902
OJPO01001990,1838
OJPP01000070,11219
OJPQ01002260,1778
OJPR01000012,27946
OJPS01000206,17417
OJPT01000035,29891
OJPU01000022,56804
OJPU01000073,25874
OJPW01000080,31662
OJPW01000082,30333
OJPW01000117,27405
OJPW01000426,11773
OJPW01000499,10228
OJPW01000516,10034
OJPX01000047,26300
OJPY01000041,30538
OJPY01000051,26758
OJPY01001527,1793
OJPZ01000046,26831
OJPZ01000154,13802
OJQA01000021,31622
OJQC01000022,29910
OJQC01000028,26238
OJQC01000067,13605
OJQC01001678,1723
OJQD01000073,26987
OJQF01000018,29785
OJQF01000028,27296
OJQF01000203,11453
OJQG01000136,14138
OJQH01000019,30527
OJQH01000130,14243
OJQH01002518,1543
OJQI01000028,26891
OJQI01000145,14130
OJQI01002669,2051
OJQJ01000205,14803
OJQJ01003165,1900
OJQK01000052,26964
OJQL01000090,32443
OJQL01000115,29941
OJQL01000159,24839
OJQL01000258,18374
OJQL01000419,14791
OJQL01000434,14393
OJQL01000447,14177
OJQL01000508,13024
OJQL01000600,11590
OJQM01000031,26721
OJQN01000094,15725
OJQO01000071,17919
OJQP01000090,28788
OJQP01000276,12526
OJQP01001120,1935
OJQQ01000027,49086
OJQQ01000146,13959
OJQR01000116,26232
OJQT01000029,30469
OJQT01000161,12514
OJQU01000031,31120
OJQV01000026,42895
OJQV01000337,11271
OJQY01000251,10833
OJQY01001293,1894
OJQZ01000301,14392
OJQZ01000308,14053
OJRA01000016,32347
OJRA01000023,27253
OJRA01000073,14796
OJRA01001820,1618
OJRB01000021,30245
OJRB01000117,14887
OJRB01003573,1815
OJRC01000065,28049
OJRC01000231,13951
OJRC01000358,10265
OJRE01000045,30404
OJRE01000204,12902
OJRG01000199,13587
OJRG01000225,12118
OJRI01000141,17704
OJRI01000392,10132
OJRK01000037,27999
OJRK01000099,14137
OJRL01000207,16517
OJRL01000282,11902
OJRM01000105,16664
OJRM01000133,14676
OJRM01000160,13220
OJRO01000647,10122
OJRO01003451,2006
OJRO01003643,1661
OJRP01000072,26749
OJRP01000168,17799
OJRP01003127,1842
OJRQ01000077,29948
OJRQ01001482,1647
OJRR01000066,14189
OJRR01000080,12548
OJRT01000053,28000
OJRT01000130,14138
OJRV01000106,33890
OJRV01000117,31476
OJRV01000504,15754
OJRV01000585,14240
OJRW01000064,31448
OJRW01000268,15882
OJRW01000287,15694
OJRW01000335,14222
OJRX01000102,33924
OJRX01000111,31578
OJRX01000489,15754
OJRX01000555,14194
OJRY01000309,15766
OJRZ01000328,15754
OJSA01000365,15754
OJSB01000319,15766
OJSC01000104,33897
OJSC01000122,31598
OJSC01000552,14194
OJSC01000909,10627
OJSC01003166,3370
OJSD01000122,33900
OJSD01000510,15964
OJSD01000550,15754
OJSD01000957,11371
OJSD01003900,3353
OJSE01000052,45436
OJSE01000127,33906
OJSE01000139,31476
OJSE01000155,29856
OJSE01000645,15648
OJSE01001571,8788
OJSE01004261,3353
OJSF01000347,15695
OJSG01000134,26687
OJSI01000113,30337
OJSK01003714,1916
OJSL01000333,15695
OJSL01004167,1923
OJSM01000071,33924
OJSM01000078,31482
OJSM01000088,30535
OJSN01000070,33906
OJSN01000076,31476
OJSN01000086,30536
OJSO01000073,33924
OJSO01000083,31482
OJSP01000129,33842
OJSP01000145,31482
OJSP01000885,11192
OJSP01003461,3370
OJSQ01000126,33923
OJSQ01000145,31529
OJSQ01000509,15934
OJSQ01000870,11192
OJSQ01000880,11274
OJSQ01003446,3370
OJTD01000057,8440
OJTY01000082,12883
OJTY01000085,12723
OJUG01000072,45416
OJUG01000163,33924
OJUG01000180,31476
OJUG01000735,14232
OJUG01001091,11191
OJUG01004427,3370
OJUJ01000095,10911
OJUS01000087,15464
OJVW01000116,3663
OJWG01000033,32662
OJWS01000103,10807
OJXD01000002,31927
OJZM01000251,12154
OKAL01000011,31024
OKAT01000074,14020
OKAU01000010,14069
OKBG01000015,31927
OKBV01000051,14977
OKBW01000124,1528
OKBY01000053,9552
OKCD01000080,8440
OKCI01000037,12478
OKCM01000002,12478
OKCT01000022,25629
OKDA01000001,25366
OKDJ01000119,8447
OKDP01000085,8440
OKDZ01000113,11028
OKEJ01000071,11010
OKEW01000022,31926
OKFC01000087,16303
OKFE01000068,12217
OKFF01000002,13576
OKGA01000105,12919
OKHM01000183,12423
OKHN01000141,11796
OKIR01000045,11289
OKIW01000020,32662
OKIZ01000150,12235
OKIZ01000172,10984
OKJN01000001,14423
OKLK01000001,25343
OKPQ01000057,12170
OKRR01000244,19466
OKRS01000232,14053
OKRS01000582,8501
OKRU01000152,17439
OKRU01003732,3227
OKRV01000012,30287
OKRV01000014,29993
OKRV01000084,16070
OKRV01000380,7971
OKRW01000057,30472
OKRW01000064,31248
OKRW01000073,27040
OKRW01000365,14007
OKRW01000414,13390
OKRW01000439,12894
OKRW01000455,12207
OKRW01000485,11849
OKRW01000492,12211
OKRW01000653,10219
OKRW01006434,1730
OKRW01006723,1774
OKRY01000053,19575
OKRY01000169,13572
OKRY01000223,12831
OKSA01000050,30939
OKSA01004061,2346
OKSA01004468,2559
OKSB01000078,29772
OKSB01000084,28407
OKSB01000129,21860
OKSB01000260,17551
OKSB01000467,13547
OKSB01008616,1620
OKSC01000019,51979
OKSC01000115,28581
OKSC01000144,27195
OKSC01000578,13145
OKSC01000946,9627
OKSC01007475,1652
OKSD01000268,18257
OKSD01000272,16398
OKSD01000283,16612
OKSF01000423,12432
OKSF01005444,1811
OKSH01000359,14784
OKSH01000449,13485
OKSH01000619,11114
OKSH01004117,2539
OKSH01006445,1681
OKSL01000172,17225
OKSN01000164,15159
OKSP01000129,15611
OKSR01000199,11634
OKSR01002194,1814
OKST01000338,12134
OKSV01000128,16209
OKSV01000129,16996
OKSV01000332,10446
OKSV01002405,1967
OKSW01000083,12951
OKSX01000010,57605
OKSX01000112,17258
OKSX01002910,1769
OKSZ01000174,11833
OKSZ01002044,1806
OKTA01000049,33355
OKTA01000329,9834
OKTD01000119,19929
OKTD01000245,10762
OKTE01000068,26626
OKTE01000234,10762
OKTF01000036,29504
OKTF01002477,1933
OKTG01000061,27393
OKTG01000067,26619
OKTJ01002109,1689
OKTM01000106,18338
OKTS01000039,33147
OKTS01000090,19812
OKTT01000087,17206
OKTT01000218,11232
OKTW01000053,28933
OKTW01000171,14066
OKTX01000164,17231
OKUA01000228,13954
OKUC01000237,9822
OKUC01003152,1330
OKUF01000076,17993
OKUG01000144,9783
OKUL01000151,14675
OKUL01000208,11845
OKUM01000038,29327
OKUM01000044,26834
OKUM01000196,13002
OKUN01000164,14597
OKUN01000491,6988
OKUO01000069,11364
OKUQ01000042,26846
OKUQ01000183,12950
OKUR01002467,1549
OKUS01000096,14597
OKUS01000402,7006
OKUT01000090,9333
OKUV01000113,14620
OKUV01000139,13133
OKUW01000140,14440
OKUX01000027,23294
OKUZ01000024,30604
OKUZ01000025,28667
OKUZ01000038,23313
OKVA01000013,30271
OKVA01000063,15117
OKVA01000077,13808
OKVA01000081,13504
OKVB01000147,14675
OKVB01000206,11845
OKVC01000204,11863
OKVD01000182,12149
OKVF01000023,56803
OKVF01000073,35371
OKVF01000563,11901
OKVF01000602,11504
OKVH01000316,8882
OKVH01000519,6962
OKVI01000416,10319
OKVK01000176,15255
OKVK01000202,13672
OKVK01000387,9578
OKVK01004220,1571
OKVM01000115,14516
OKVM01000179,11950
OKVP01000002,31075
OKVP01000056,11910
OKVQ01000157,11983
OKVV01000229,12552
OKVZ01000149,11925
OKVZ01000152,12170
OKVZ01000442,3903
OKWA01000203,13149
OKWB01000104,11609
OKWG01000097,14568
OKWG01000177,10044
OKWG01001522,1637
OKWJ01000294,20422
OKWJ01000550,13370
OKWJ01000655,11887
OKWJ01003893,1614
OKWJ01003911,1752
OKWK01000250,11662
OKWN01000268,10530
OKWP01000261,10577
OKWP01000480,4716
OKWQ01000153,14857
OKWQ01000164,13610
OKWQ01000244,6120
OKWR01000042,56062
OKWR01000129,33237
OKWR01000293,18506
OKWR01000397,14916
OKWT01000116,12181
OKWX01000129,12681
OKWX01000150,10826
OKWY01000075,14016
OKWZ01000138,12092
OKXB01000099,31882
OKXB01000124,28657
OKXB01000208,22343
OKXB01000498,15077
OKXB01000803,11286
OKXC01000765,1896
OKXD01000770,1878
OKXF01000308,1688
OKXI01000088,13482
OKXI01000123,11573
OKXN01000847,1925
OKXO01000857,1943
OKXR01000831,1943
OKXW01000027,17370
OKYC01000023,17370
OKYF01000017,29015
OKYH01000499,1581
OKYI01000013,29015
OKYP01000015,26228
OKYT01000023,17317
OKYU01000475,1635
OKYW01000001,5653
OKZA01000001,5653
OKZE01000917,1921
OKZF01000024,17517
OKZF01000312,1670
OKZN01000015,29015
OKZU01000025,17648
OKZU01000313,1688
OKZW01000788,1623
OKZY01000001,5653
OLAL01000004,29857
OLAR01000001,51370
OLAT01000029,12394
OLAY01000001,29295
OLAZ01000041,16069
OLBE01000045,16159
OLBF01000001,29295
OLBO01000694,1789
OLBP01000001,50977
OLBT01000003,29295
OLCX01000005,29295
OLDF01000008,26515
OLDG01000010,21324
OLDI01000962,1943
OLDN01000166,12254
OLDR01000012,29015
OLDS01000168,12229
OLDV01000001,5653
OLED01000893,1943
OLEE01000023,17338
OLEF01000014,29015
OLEK01000001,5653
OLEP01000754,1623
OLEQ01000640,1642
OLER01000744,1630
OLEV01000782,1623
OLEZ01000024,17534
OLEZ01000335,1688
OLFC01000615,1651
OLFL01000455,1642
OLFN01000819,1943
OLFS01000016,52349
OLFS01000213,18440
OLFS01000276,15578
OLFS01000339,14585
OLFS01000428,12389
OLFT01000150,29717
OLFT01000163,29677
OLFT01000248,23753
OLFT01000480,15579
OLFT01000780,11443
OLFT01006166,1932
OLFT01007842,1427
OLFU01000527,13631
OLFU01000563,13297
OLFU01005796,1862
OLFV01000031,47176
OLFV01000176,23604
OLFV01000292,17872
OLFV01004605,2153
OLFW01000263,15062
OLFW01000266,15295
OLFW01000327,13974
OLFW01000348,13279
OLFW01000540,9531
OLFX01000215,30156
OLFX01000457,19158
OLFX01000481,19561
OLFX01000520,18345
OLFX01000699,14745
OLFX01000794,14413
OLFX01000811,14245
OLFX01000965,12177
OLFY01000087,40440
OLFY01000196,29993
OLFY01000217,28019
OLFY01000236,25917
OLFY01000737,14582
OLFY01000830,13028
OLFY01000874,13279
OLFY01001100,11235
OLFY01001304,9929
OLFZ01000108,29942
OLFZ01000118,28353
OLFZ01000126,27694
OLFZ01000136,26232
OLFZ01000297,17958
OLFZ01000316,16303
OLGA01000199,15819
OLGA01000204,16626
OLGA01000368,12251
OLGA01000432,11767
OLGB01000200,28091
OLGB01000956,11220
OLGB01001302,9756
OLGD01000932,16124
OLGD01001117,13960
OLGD01001135,13138
OLGD01001211,13012
OLGD01001238,12765
OLGD01001312,11945
OLGD01001360,11236
OLGD01001363,11802
OLGD01001459,11160
OLGE01000023,48455
OLGE01000048,38054
OLGE01000279,19815
OLGE01000615,12806
OLGE01000889,10296
OLGE01008838,1639
OLGF01000091,30821
OLGF01000549,13406
OLGF01000749,10821
OLGH01000138,29272
OLGH01000271,20712
OLGH01000676,12452
OLGH01006656,1842
OLGH01007689,1584
OLGI01000113,26322
OLGI01000227,17998
OLGI01000257,17743
OLGI01000387,14114
OLGI01000455,13242
OLGI01000546,12074
OLGI01000645,10697
OLGI01000737,9796
OLGJ01000028,31389
OLGJ01000032,29104
OLGJ01000346,9598
OLGL01000107,30123
OLGL01000146,28118
OLGL01000339,18614
OLGL01000461,15002
OLGM01000006,51630
OLGM01000154,15399
OLGM01000159,15348
OLGM01000221,13099
OLGM01000229,12375
OLGN01000078,29881
OLGN01000403,11648
OLGN01003851,1707
OLGO01000101,30198
OLGO01000127,26505
OLGV01000116,10420
OLGY01000065,30651
OLGY01000124,19948
OLGY01000138,19083
OLGZ01000196,17023
OLGZ01000248,14710
OLGZ01000303,13231
OLHA01000002,61618
OLHA01000074,17636
OLHA01000103,14284
OLHA01000235,9845
OLHA01000251,10074
OLHG01000007,51612
OLHG01000019,32004
OLHG01000031,31908
OLHG01000034,29969
OLHG01000045,26859
OLHG01000087,19461
OLHG01000092,17420
OLHG01000106,16563
OLHG01000155,14289
OLHG01000159,13743
OLHG01000183,13296
OLHG01000197,13299
OLHG01000205,12832
OLHG01000206,13120
OLHG01000216,12502
OLHG01000244,12037
OLHG01000246,11804
OLHG01000250,12166
OLHG01000298,11153
OLHG01000324,10756
OLHG01000336,10524
OLHG01000396,9815
OLHG01000733,5229
OLHG01000735,4733
OLHG01004141,2024
OLHG01004617,1718
OLIS01000391,10388
OLIT01000310,16033
OLIT01005257,2056
OLIW01000307,18994
OLIW01000509,13525
OLIX01000185,20593
OLIY01000066,33923
OLIY01000073,31474
OLIY01000083,30518
OLJB01000137,15155
OLJB01000174,14212
OLJG01000087,12426
OLJK01000033,12477
OLJW01000056,45333
OLJW01000537,15882
OLJW01000912,11191
OLJW01003643,3353
OLKF01000808,1630
OLKG01000287,15754
OLKG01003564,1954
OLND01000017,50016
OLND01000117,30038
OLND01000359,16855
OLND01004402,2684
OLNE01000081,32019
OLNE01000087,30415
OLNE01000208,18932
OLNE01000319,15479
OLNE01000382,13389
OLNE01000568,10482
OLNE01004695,2038
OLNF01001082,7103
OLNF01002498,4326
OLNG01000123,26353
OLNH01000066,30668
OLNH01002375,1930
OLNI01000077,29624
OLNI01000403,12743
OLNJ01000224,17123
OLNJ01002829,1826
OLNL01000026,55238
OLNL01000065,31817
OLNL01000259,19456
OLNM01000123,23667
OLNM01000226,17575
OLNM01000342,13800
OLNM01000384,12998
OLNM01000583,10474
OLNN01000114,28479
OLNN01000331,16258
OLNN01000642,10577
OLNO01000079,30056
OLNO01006497,1692
OLNP01000086,29769
OLNP01000294,16487
OLNP01000491,12967
OLNP01007284,1655
OLNQ01000088,30791
OLNQ01000130,26825
OLNQ01000283,16905
OLNQ01002138,5495
OLNQ01008789,1841
OLNR01000028,42710
OLNS01000186,16674
OLNT01003493,1993
OLNV01000049,28201
OLNV01000217,13482
OLNV01000292,12035
OLNV01000344,11613
OLNV01000350,11394
OLNW01000096,32912
OLNW01000110,30665
OLNW01000116,30571
OLNW01000127,29826
OLNW01000784,10900
OLNW01007600,1881
OLNW01008109,1854
OLNX01000388,14375
OLNY01000078,29203
OLNY01000079,27906
OLNY01000292,15226
OLNY01004280,2383
OLNZ01000083,31880
OLNZ01000406,13545
OLOA01000123,26874
OLOA01000141,24518
OLOA01000311,16347
OLOA01000391,14901
OLOA01000586,12012
OLOA01003204,4144
OLOA01010186,1528
OLOB01000056,30092
OLOB01000327,12640
OLOB01000460,10188
OLOB01005408,1690
OLOC01000071,27537
OLOE01000004,57510
OLOE01000022,28624
OLOE01003603,1607
OLOF01000050,29935
OLOG01000029,48152
OLOG01000136,22043
OLOG01003598,1773
OLOH01000292,12354
OLOI01000104,26730
OLOI01000789,9060
OLOJ01000115,26903
OLOJ01000736,10330
OLOK01000029,31498
OLOK01000165,17905
OLOK01002327,4120
OLOK01005489,1768
OLOK01005525,1799
OLOK01006434,1514
OLOL01000710,10352
OLOO01000195,19546
OLOO01000556,8615
OLOP01000127,18655
OLOP01000183,14841
OLOP01000492,9606
OLOP01000967,4647
OLOQ01000285,18777
OLOQ01002673,4248
OLOS01000113,30580
OLOS01002130,4182
OLOU01005163,1547
OLOV01002225,4223
OLOV01005826,1831
OLOX01000006,51474
OLOX01000059,30452
OLOY01000328,13004
OLOY01001854,1881
OLOZ01000027,47545
OLOZ01000092,30465
OLOZ01000093,30437
OLOZ01000098,30229
OLOZ01000381,13435
OLOZ01004748,1740
OLPA01000479,11556
OLPB01000025,31621
OLPB01000029,30642
OLPB01000166,13785
OLPB01000197,12568
OLPC01006059,1741
OLPD01001221,4088
OLPF01000260,18062
OLPF01000572,11388
OLPF01000728,9501
OLPG01000216,17992
OLPG01000375,14444
OLPH01000160,28408
OLPI01000070,26466
OLPK01000154,27103
OLPL01000202,14326
OLPO01000062,30445
OLPO01000063,30693
OLPO01000070,29559
OLPO01000071,29097
OLPO01001767,4268
OLPP01000038,50156
OLPP01000131,27139
OLPQ01000160,19536
OLPR01000090,28212
OLPR01000103,26188
OLPR01000121,22967
OLPR01000419,12303
OLPR01006057,2051
OLPR01006932,1589
OLPR01006968,1641
OLPS01000138,30034
OLPS01000224,23652
OLPS01001069,9823
OLPT01004650,1623
OLPU01000131,20357
OLPV01000188,18519
OLPW01000340,16854
OLPW01000775,11369
OLPX01000364,14288
OLPX01000413,12655
OLPY01000253,15038
OLPZ01000064,26717
OLPZ01000369,11369
OLPZ01001886,2905
OLQA01008679,1589
OLQC01000215,19479
OLQC01000300,15816
OLQC01000439,13724
OLQD01000095,23310
OLQD01002637,3712
OLQD01006594,1924
OLQE01000062,29024
OLQE01000080,26634
OLQE01000085,24958
OLQE01001107,4965
OLQG01000039,31539
OLQG01000043,30648
OLQG01000044,30994
OLQG01000157,17428
OLQH01000235,19298
OLQH01000657,11159
OLQI01003790,1850
OLQJ01000056,30019
OLQJ01000062,29235
OLQJ01000106,20753
OLQJ01000288,10831
OLQJ01001793,1861
OLQK01000028,53643
OLQL01000074,30588
OLQL01000089,30038
OLQL01000724,9703
OLQL01006475,1439
OLQM01000087,26670
OLQN01000614,9028
OLQO01000079,30501
OLQO01000217,16380
OLQO01000439,10965
OLQR01000013,42565
OLQR01000043,30014
OLQS01000090,18457
OLQT01000350,11089
OLQT01000406,10182
OLQU01000060,29882
OLQU01000551,9475
OLQU01004595,1744
OLQV01000028,48172
OLQV01000112,26156
OLQV01000131,23666
OLQV01000134,23250
OLQV01000168,21680
OLQV01006260,1777
OLQV01006279,1765
OLRA01000126,31254
OLRA01000428,17591
OLRB01000064,29537
OLRB01000285,13620
OLRC01004010,1900
OLRD01003498,1590
OLRE01000348,18146
OLRF01000054,48100
OLRF01000994,9622
OLRG01000090,30573
OLRG01000387,13623
OLRG01006909,1602
OLRG01006970,1725
OLRJ01000083,29791
OLRJ01000103,27221
OLRJ01000122,23947
OLRL01000287,13100
OLRM01000238,17564
OLRM01001502,1915
OLRN01000112,27189
OLRN01000213,16099
OLRN01000337,12269
OLRO01000069,30049
OLRO01000238,14744
OLRP01000138,17931
OLRQ01000508,12176
OLRQ01000685,8356
OLRR01000067,27428
OLRS01000482,14893
OLRT01000017,40414
OLRT01000227,13753
OLRT01000256,13120
OLRT01000269,13000
OLRU01000124,28291
OLRU01006320,1684
OLRV01000041,30842
OLRV01000603,10822
OLRW01000060,30968
OLRW01000062,30389
OLRW01000085,26969
OLRW01000501,9894
OLRW01004789,1580
OLRX01000007,55052
OLRX01000114,22729
OLRX01005598,1628
OLRZ01000056,29655
OLSB01000088,30657
OLSB01000098,29449
OLSB01000595,12655
OLSB01000778,10864
OLSB01003115,3831
OLSC01000099,33200
OLSC01000126,30676
OLSC01000138,29547
OLSC01000143,30153
OLSC01000477,15497
OLSD01000074,30494
OLSE01000042,48531
OLSE01000140,30972
OLSF01000109,26545
OLSF01000492,12247
OLSF01007721,1579
OLSG01000039,43233
OLSI01004133,1740
OLSK01000182,17597
OLSK01002610,3198
OLSM01000068,33567
OLSM01000400,13687
OLSN01000429,13888
OLSN01000487,12882
OLSN01000793,9559
OLSO01000074,30063
OLSO01004401,1766
OLSP01000004,56157
OLSP01000049,27340
OLSX01000045,30541
OLSX01000600,11630
OLTF01000001,29965
OLUE01000001,25937
OLUL01000001,26687
OLVO01000096,29652
OLVO01000312,18632
OLVO01000497,14406
OLVR01000187,27922
OLVR01000230,26629
OLVR01005831,1758
OLVR01006309,1658
OLVT01000100,29793
OLVT01000117,25968
OLVT01000161,24026
OLVU01000042,27153
OLVU01000419,11678
OLVV01000168,13982
OLVX01000015,48123
OLVX01000021,45502
OLVX01000345,14169
OLVX01000347,14567
OLVX01004071,2447
OLVY01000226,13684
OLVY01000412,9958
OLVY01000426,10009
OLVZ01000110,27102
OLVZ01000366,14076
OLVZ01000629,10195
OLWA01000554,14636
OLWB01000021,48254
OLWB01000065,31054
OLWB01000066,29760
OLWB01000406,13319
OLWB01000417,13238
OLWC01000027,29984
OLWC01000038,29305
OLWC01000088,19140
OLWC01000121,16582
OLWD01000041,30376
OLWF01000197,13436
OLWH01000051,19885
OLWH01000140,12077
OLWH01000622,4877
OLWJ01003863,1512
OLWK01000106,16605
OLWK01000148,14572
OLWK01000277,10004
OLWQ01000028,30418
OLWQ01000205,10014
OLWS01000129,13963
OLWT01003761,1724
OLWV01000122,13436
OLWW01000036,30376
OLWX01000067,17765
OLWX01000093,17042
OLWY01000021,33980
OLWY01000178,12550
OLWZ01000040,30417
OLWZ01003814,1621
OLXB01000268,10196
OLXC01000001,31845
OLXC01000036,14242
OLXC01000046,13186
OLXE01000158,15583
OLXG01000086,12026
OLXG01000124,10065
OLXH01000052,19885
OLXH01000141,12493
OLXI01000123,16623
OLXI01000167,14563
OLXI01000695,6014
OLXJ01000020,33175
OLXK01000100,30519
OLXK01000509,11375
OLXK01000530,11082
OLXK01000549,11461
OLXL01000029,26185
OLXN01000300,13205
OLXN01004154,1724
OLXN01004690,1620
OLXO01000119,13436
OLXP01000191,13418
OLXP01000299,9297
OLXR01000011,53598
OLXR01000035,29305
OLXR01000101,16689
OLXR01000111,16625
OLXS01000029,29992
OLXS01000032,29305
OLXS01000048,23977
OLXS01000082,17193
OLXT01000028,30057
OLXT01000055,23977
OLXT01000095,17208
OLXW01000140,17042
OLXX01001573,1547
OLYA01000029,30749
OLYB01000074,30643
OLYB01000288,16212
OLYB01000308,15436
OLYB01000348,14635
OLYB01000402,13648
OLYB01000474,11953
OLYB01008462,1449
OLYC01000040,38706
OLYC01000160,19251
OLYC01000228,16095
OLYC01000560,8694
OLYG01000001,17723
OLYI01000031,21948
OLYJ01000050,17856
OLYN01000177,12345
OLYR01000006,30460
OLYV01000018,54839
OLYV01000117,16594
OLYY01000193,9986
OLYY01001943,2146
OLZB01000065,26916
OLZB01000331,10060
OLZE01000202,13823
OLZF01000400,14401
OLZH01000026,26576
OLZH01000073,15391
OLZH01000172,9158
OLZI01003975,1623
OLZJ01000019,30549
OLZO01000021,46785
OLZO01000059,31202
OLZO01000305,10098
OLZO01002072,1547
OLZQ01000005,54619
OLZQ01000009,47985
OLZQ01000035,30508
OLZQ01000040,30548
OLZQ01000189,11722
OLZQ01000243,10772
OLZR01000008,48483
OLZR01000039,30554
OLZR01000203,11740
OLZR01000242,10791
OLZS01000001,17776
OLZT01000032,21926
OLZU01000178,13824
OLZV01000144,12035
OLZV01000182,9976
OLZV01001992,2146
OLZZ01000154,12025
OLZZ01000195,9925
OMAA01000023,31498
OMAA01000117,13695
OMAC01000093,29580
OMAC01000147,21800
OMAC01000274,14607
OMAD01000033,23807
OMAG01000099,13438
OMAJ01000153,11930
OMAJ01002422,1756
OMAK01000174,11902
OMAK01002402,1774
OMAL01000015,57850
OMAL01000049,30116
OMAL01000413,9610
OMAL01001160,3612
OMAM01000068,23789
OMAN01000017,54371
OMAN01000076,23618
OMAO01000060,23806
OMAO01000178,13365
OMAP01000009,30445
OMAP01000412,1793
OMAR01000033,15371
OMAR01000105,10006
OMAR01000125,9112
OMAV01000002,51237
OMAV01000008,30445
OMAV01000413,1854
OMAW01000158,11930
OMAW01002431,1774
OMBA01000309,10132
OMBD01000028,15373
OMBJ01000001,13964
OMBK01000012,48396
OMBK01000033,30354
OMBK01000035,29175
OMBK01000198,11740
OMBK01000212,11421
OMBK01000242,10772
OMBL01000040,23567
OMBL01000151,12009
OMBL01000193,9966
OMBL01002014,2145
OMBN01000154,21800
OMBN01000200,18137
OMBN01000266,14607
OMBO01000086,29626
OMBP01000015,57656
OMBP01000050,30192
OMBP01001148,3594
OMBQ01000121,30599
OMBQ01000128,29390
OMBQ01000204,23721
OMBQ01000498,14219
OMBR01000185,11537
OMBT01000004,57908
OMBV01000001,13975
OMBX01000017,30752
OMBZ01000072,11688
OMCC01000013,30336
OMCC01000028,26322
OMCC01000333,10162
OMCD01000026,30336
OMCD01000044,26448
OMCD01000350,10059
OMCG01000175,15288
OMCG01004257,1605
OMCH01000179,10973
OMCH01000222,10030
OMCM01000265,14597
OMCM01000847,5378
OMCM01001705,3021
OMCP01000852,2798
OMCQ01000053,27199
OMCR01000009,30445
OMCR01000432,1854
OMCT01000020,35356
OMCT01000173,16144
OMCT01000362,11325
OMCT01001838,3302
OMCU01000064,30116
OMCU01001114,3594
OMDA01000084,14555
OMDC01000016,31614
OMDC01000114,13715
OMDC01000184,9900
OMDD01000022,28534
OMDD01000216,10008
OMDE01000058,11678
OMDJ01000050,29376
OMDJ01000243,14455
OMDJ01000800,5388
OMDJ01001598,2954
OMDK01000085,14561
OMDL01003681,1623
OMDR01000248,14441
OMDR01000817,5411
OMDR01001622,2954
OMDT01000002,11523
OMDY01000016,46858
OMDY01000131,14577
OMDY01000226,10130
OMDY01001843,1529
OMEB01000110,16680
OMEC01000109,14659
OMEC01000161,12503
OMED01000673,4812
OMEG01000001,8912
OMEH01000164,11930
OMEH01002466,1774
OMEI01000128,16638
OMEJ01000024,57968
OMEK01000015,28151
OMEK01000042,17930
OMEP01000207,3302
OMEQ01000228,14597
OMEQ01000784,5315
OMEQ01001554,3021
OMER01000150,21800
OMER01000270,14607
OMET01000087,11678
OMEV01000014,57675
OMEV01000060,30154
OMEV01000404,10130
OMEV01000432,9612
OMEV01001136,3594
OMEW01000010,57903
OMEW01000054,27199
OMFA01000001,30417
OMFD01000024,26426
OMFF01000036,21915
OMFF01000102,12205
OMFJ01000188,10043
OMFJ01000195,9935
OMFK01000016,54852
OMFK01000075,23604
OMFK01000123,16594
OMFM01000072,15391
OMFN01000011,56936
OMFN01000044,28763
OMFN01000064,27199
OMFO01000297,9875
OMFP01000022,31614
OMFP01000029,26795
OMFP01000100,13695
OMFQ01000140,16602
OMFQ01000250,11376
OMFR01000007,54439
OMFR01000011,48424
OMFR01000034,30469
OMFR01000042,30553
OMFR01000188,11740
OMFR01000235,10827
OMFX01000002,9542
OMFY01000335,9748
OMGA01000016,31498
OMGA01000023,26848
OMGA01000102,13714
OMGA01000165,9900
OMGG01000135,20832
OMGG01000258,13313
OMGG01000289,12110
OMGG01000297,12007
OMGG01001889,1498
OMGG01002072,1543
OMGH01001222,5121
OMGI01000036,30251
OMGI01000144,16581
OMGI01000189,14953
OMGI01000327,11294
OMGI01003607,1772
OMGJ01000169,14253
OMGK01000003,60032
OMGK01002455,2304
OMGL01000115,19237
OMGM01000052,27199
OMGN01000208,13823
OMGN01000364,10192
OMGO01000113,26715
OMGQ01000114,33993
OMGQ01000524,11075
OMGQ01000576,8778
OMGS01000102,23223
OMGS01000200,14880
OMGT01000152,14823
OMGU01000233,20046
OMGV01000159,15340
OMGV01000176,14770
OMGW01000036,14988
OMGX01000063,18131
OMGX01000114,14864
OMGY01000027,44952
OMGY01000077,31897
OMGY01000082,29165
OMGY01000095,28777
OMGY01000128,26140
OMGY01000427,15726
OMGY01000494,14383
OMGY01000554,13555
OMGY01000597,13294
OMGY01000648,11357
OMGY01000724,11269
OMGY01000784,9691
OMGY01000786,8779
OMGY01006516,1812
OMGY01008161,1411
OMNQ01000001,31844
OMNQ01000024,14260
OMNQ01000056,10045
OMNQ01000060,10006
OMNT01000451,13114
OMNT01000495,13238
OMNT01000907,9103
OMNU01000096,11591
OMNU01000130,10041
ONZS01001047,5459
ONZT01000116,26826
ONZT01003140,1854
ONZU01000435,12973
ONZU01000443,12268
ONZU01002833,1906
ONZX01000361,9596
ONZY01000207,16590
ONZY01000346,13408
ONZY01003738,2014
ONZZ01000054,29938
ONZZ01000076,27037
ONZZ01000528,10003
OOAC01000367,13382
OOAC01000488,10675
OOAD01000221,13870
OOAD01000226,13642
OOAD01000237,13211
OOAD01000254,13247
OOAE01000408,13008
OOAF01000789,11326
OOAF01003960,1857
OOAF01004476,1722
OOAG01000060,30261
OOAG01000105,26517
OOAH01000180,24039
OOAH01000868,9770
OOAI01000021,35214
OOAJ01000237,13702
OOAM01000123,27393
OOAM01003643,1897
OOAN01000057,26043
OOAN01000374,10801
OOAO01000387,15494
OOAO01000920,9172
OOAO01001212,7413
OOAT01000079,28866
OOAT01002148,1572
OOAW01000045,45182
OOAW01000092,31391
OOAW01002826,1470
OOAY01001516,1890
OOAZ01000115,22470
OOBB01002102,1695
OOBI01000141,26512
OOBJ01000266,14565
OOBM01000146,19252
OOBM01000330,12169
OOBM01003116,1809
OOBN01000361,13992
OOBN01000406,13317
OOBN01004807,1883
OOBS01000080,18867
OOBS01000083,16861
OOBS01000128,12975
OOBU01000216,10946
OOBV01000062,30563
OOBV01000226,18058
OOBW01002294,2010
OOBX01001071,1920
OOBY01000328,13557
OOBY01001752,1881
OOBZ01005893,1818
OOBZ01006138,1618
OOCA01002941,1541
OOCB01001029,11925
OOCD01000209,14303
OOCG01000224,12721
OOCG01003160,1427
OOCH01000086,30830
OOCH01000396,14685
OOCH01000493,12734
OOCH01004433,2059
OOCH01004839,1858
OOCI01000190,18272
OOCI01000512,11451
OOCI01000610,10169
OOCI01001997,4000
OOCK01000122,16786
OOCL01000269,13771
OOCL01000352,11650
OOCL01005179,1341
OOCN01000077,30924
OOCN01000223,17470
OOCP01000298,20255
OOCP01000540,14140
OOCQ01000057,27556
OOCQ01000252,15319
OOCQ01000520,9819
OOCQ01003878,1737
OOCR01000210,17063
OOCS01002066,1841
OOCV01000090,27081
OOCW01000329,14444
OOCX01000266,14997
OOCX01000307,13427
OOCX01000393,11152
OOCX01004989,1727
OOCZ01000383,11133
OOCZ01005463,1778
OODA01000240,12593
OODA01000319,10976
OODA01001588,2114
OODB01000476,12394
OODC01000039,31524
OODF01000052,33632
OODG01000072,18202
OODG01004958,1890
OODH01000049,30590
OODH01003444,2022
OODH01003854,1856
OODH01003899,1700
OODI01000070,15744
OODI01000142,11011
OODJ01000103,31336
OODJ01000352,16247
OODJ01000421,14025
OODJ01000446,13940
OODJ01000485,12456
OODJ01000526,11969
OODK01002463,1891
OODL01000120,30640
OODL01000375,15361
OODL01000533,13468
OODL01002373,3602
OODN01000068,30006
OODN01000310,10501
OODO01000397,12724
OODO01000480,11613
OODP01000063,33559
OODP01000352,13987
OODS01000049,31108
OODS01000344,11692
OODU01000424,15269
OODU01007314,1879
OODU01008847,1578
OOIF01000363,15514
OOIF01000624,12163
OOIF01005611,1714
OOIF01006106,1547
OOIG01000243,14672
OOIG01000281,13253
OOIG01000467,10863
OOIG01006111,1950
OOIU01000031,26665
OOIU01000047,16683
OOIU01000077,8735
OOIV01000027,26668
OOIV01000042,16693
OOIW01000036,26668
OOIW01000043,16683
OOIW01000045,14730
OOJA01000032,26684
OOJA01000053,16690
OOJA01000059,14639
OOJA01000060,14740
OOJA01000096,4924
OOJR01000011,16683
OOKD01000056,26668
OOKD01000078,16683
OOKD01000085,14726
OOKJ01000030,16701
OONO01000001,13694
OOQC01000023,16683
OPGP01000036,26642
OPGP01000055,16660
OPGP01000057,15955
OPGP01000059,14746
OQVH01000257,12950
OQVI01005821,1785
OQVI01006143,1743
OQVL01009683,1552
OQVN01000003,31048
OQVO01000029,16913
OQVO01000036,14795
OQVO01000053,12171
OQVQ01000139,10297
OQVR01000020,15534
OQVR01004309,1526
OQVS01000090,14171
OQVT01000025,14267
OQVZ01000006,19260
OQWD01000073,12236
OQWE01000002,25904
OQWI01000009,28406
OQWI01000033,19685
OQWI01000050,16544
OQWI01000066,15154
OQWI01000158,9823
OQWI01000302,7120
OQWM01000152,12186
OQWM01000388,8425
OQWM01000827,6414
OQWM01007095,1862
OQWM01010381,1506
OWHU01000134,15180
OWHU01000221,11897
OWHX01002690,1766
OWIA01000099,11833
OWIC01001390,1748
OWIE01000041,16586
OWIE01000077,12361
OWIH01000126,12581
OWII01000011,56538
OWIJ01000346,11542
OWIK01000092,11335
OWIL01000029,29893
OWIL01000135,15159
OWIM01000040,25165
OWIM01000084,18500
OWIM01000126,14396
OWIM01000131,14435
OWIM01000136,14258
OWIM01000137,14385
OWIM01000166,12716
OWIM01000173,12785
OWIM01000247,10134
OWIM01000275,9328
OWIM01000287,9072
OWIM01002563,1604
OWIN01000123,15133
OWIN01000186,12740
OWIP01000111,18501
OWIP01000201,14437
OWIQ01000031,30325
OWIQ01000145,14422
OWIT01000123,14570
OWIT01002369,1994
OWIU01001807,1816
OWIV01002810,1846
OWIW01000318,11888
OWIX01000280,10769
OWIX01000298,10520
OWIX01003778,1661
OWJB01003276,2034
OWJC01000044,32045
OWJC01000051,30296
OWJD01000062,17857
OWJF01002644,1834
OWJH01000117,11920
OWJI01000131,17220
OWJI01000217,14431
OWJI01000223,14435
OWJI01000229,14396
OWJI01000275,12650
OWJI01000281,12451
OWJI01003117,2381
OWJI01004750,1608
OWJI01005373,1602
OWJK01000200,12986
OWJP01001588,1629
OWJS01002104,1834
OWKE01002068,1722
OWKP01003708,1950
PPYE01030041,20365
PPYE01030324,7981
PPYE01074010,1743
PPYE01157942,17482
PPYE01186248,15558
PPYE01210102,1854
PPYE01232803,32474
PPYE01275330,11581
PPYE01293192,16472
PPYE01311188,17905
PPYE01311213,15410
PPYE01320021,13077
PPYE01356858,20390
PPYE01413027,17907
PPYE01502888,1712
PPYE01511035,59664
PPYE01584659,55621
PPYE01627065,12407
PPYE01627073,12231
PPYE01643544,13419
PPYE01644069,3111
PPYE01680138,13109
PPYE01680303,10446
PPYE01739926,12603
PPYE01740195,11318
PPYE01776333,11405
PPYF01000036,24442
PPYF01000087,14087
PPYF01000090,13778
PPYF01016817,12940
PPYF01026863,13337
PPYF01102502,18127
PPYF01102564,17181
PPYF01129544,10596
PPYF01130262,9805
PPYF01131876,1711
PPYF01195288,31060
PPYF01208384,28877
PPYF01208386,28452
PPYF01218884,30020
PPYF01219028,16243
PPYF01219050,14778
PPYF01241765,14053
PPYF01241788,13134
PPYF01266999,47762
PPYF01351911,1474
PPYF01370165,51918
PPYF01438575,2493
PPYF01458072,18589
PPYF01525089,12488
PPYF01544398,23878
PPYF01544529,11293
PPYF01593229,10807
PPYF01594303,2517
PPYF01602751,13710
PPYF01602783,11973
PPYF01602799,12054
PPYF01653838,27359
PPYF01654565,1903
PPYF01671030,12385
PPYF01671517,3506
PVMN01006155,1882
QRFC01000022,49432
QRFC01000035,40218
QRFC01000100,28744
QRFC01000131,24132
QRFC01000241,17968
QRFC01000346,14940
QRFC01000374,14231
QRFC01000438,13239
QRFC01000448,12359
QRFC01000462,12415
QRFC01000548,11207
QRFC01000553,11395
QWBY01000007,57637
QWBY01000010,45910
QWBY01000088,22027
QWBY01000202,14137
QWBY01000212,13409
QWBY01000222,13125
QWBY01001734,13238
QWBY01006566,1783
QWBY01007825,1578
QWCB01000707,10951
QWCB01000765,10207
QWCB01000949,12348
QWCB01001103,13774
QWCB01001262,10872
QWCB01001865,10152
QWCB01002870,3792
QWCE01000387,26468
QWCE01001024,14361
QWCE01001044,14217
QWCE01001392,11697
QWCE01010432,1920
QWCH01000269,29051
QWCH01000280,27976
QWCH01000406,27090
QWCH01001111,13833
QWCK01001104,13071
QWCK01001391,10962
QWCK01001540,16251
QWCK01001729,9259
QWCK01009830,1932
QWCK01010672,1723
QWCK01011084,1842
QWCK01012665,1625
QWCN01000029,58169
QWCN01000371,22346
QWCN01001188,12997
QWCN01001215,12801
QWCN01001376,11264
QWCN01001563,10197
QWCN01001723,9555
QWCN01002334,11898
QWCN01011762,1902
QWCN01013173,1792
QWCV01000315,18587
QWCV01000325,16864
QWCV01000445,14017
QWCV01000488,14735
QWCV01000614,12296
QWCV01000644,12005
QWCV01000665,12126
QWCV01001433,19207
QWCY01000236,29502
QWCY01000259,29806
QWCY01000602,17100
QWCY01000956,13955
QWCY01001084,12888
QWCY01001518,23711
QWCY01002752,25626
QWCY01011343,1861
QWCY01013226,1563
QZLN01000639,12415
QZLN01001612,11108
QZLR01000025,27009
QZME01000271,18057
QZMG01000062,31614
QZMG01000076,29674
QZMK01000610,17880
UMIU01010253,29444
